ceg,potencia_outorgada_mw,potencia_fiscalizada_mw,fase_usina,proprietario
EOL.CV.RN.028424-6.1,49.3,49.3,Operação,100% para ENERBRASIL-ENERGIAS RENOVAVEIS DO BRASIL S/A - 04.569.050/0001-45 (PIE)
EOL.CV.RN.028443-2.1,100.65,100.65,Operação,100% para NEW ENERGY OPTIONS GERACAO DE ENERGIA S.A - 04.245.220/0001-36 (PIE)
EOL.CV.RN.028444-0.1,51.0,51.0,Operação,100% para NEW ENERGY OPTIONS GERACAO DE ENERGIA S.A - 04.245.220/0001-36 (PIE)
EOL.CV.RN.028787-3.1,1.8,1.8,Operação,100% para PETRÓLEO BRASILEIRO S.A. PETROBRAS - 33.000.167/0001-01 (REG)
EOL.CV.RN.030121-3.1,14.4,14.4,Operação,100% para BRASVENTOS ARATUA 1 GERADORA DE ENERGIA S.A. - 11.637.037/0001-41 (PIE)
EOL.CV.RN.030281-3.1,26.0,26.0,Operação,100% para EOLICA MANGUE SECO 3 - GERADORA E COMERCIALIZADORA DE ENERGIA ELETRICA S.A. - 11.643.567/0001-00 (PIE)
EOL.CV.RN.030284-8.1,26.0,26.0,Operação,100% para EOLICA MANGUE SECO 2 - GERADORA DE ENERGIA ELETRICA S.A. - 11.643.504/0001-46 (PIE)
EOL.CV.RN.030285-6.1,26.0,26.0,Operação,100% para EOLICA MANGUE SECO 1 - GERADORA E COMERCIALIZADORA DE ENERGIA ELETRICA S.A. - 11.643.458/0001-85 (PIE)
EOL.CV.RN.030290-2.1,26.0,26.0,Operação,100% para EOLICA MANGUE SECO 4 - GERADORA E COMERCIALIZADORA DE ENERGIA ELETRICA S.A. - 11.643.647/0001-58 (PIE)
EOL.CV.RN.030292-9.1,30.0,30.0,Operação,100% para SANTA CLARA I ENERGIAS RENOVAVEIS LTDA - 10.797.899/0001-79 (PIE)
EOL.CV.RN.030293-7.1,30.0,30.0,Operação,100% para SANTA CLARA III ENERGIAS RENOVAVEIS LTDA - 10.797.910/0001-09 (PIE)
EOL.CV.RN.030300-3.1,28.8,28.8,Operação,100% para DESA MORRO DOS VENTOS VI LTDA. - 11.686.150/0001-17 (PIE)
EOL.CV.RN.030301-1.1,28.8,28.8,Operação,100% para DESA MORRO DOS VENTOS I LTDA. - 11.686.050/0001-90 (PIE)
EOL.CV.RN.030302-0.1,30.0,30.0,Operação,100% para DESA MORRO DOS VENTOS IX LTDA. - 11.686.103/0001-73 (PIE)
EOL.CV.RN.030304-6.1,30.0,30.0,Operação,100% para SANTA CLARA VI ENERGIAS RENOVAVEIS LTDA - 10.797.906/0001-32 (PIE)
EOL.CV.RN.030307-0.1,30.0,30.0,Operação,100% para SANTA CLARA IV ENERGIAS RENOVAVEIS LTDA - 10.797.907/0001-87 (PIE)
EOL.CV.RN.030308-9.1,30.0,30.0,Operação,100% para SANTA CLARA II ENERGIAS RENOVAVEIS LTDA - 10.797.908/0001-21 (PIE)
EOL.CV.RN.030310-0.1,28.8,28.8,Operação,100% para DESA MORRO DOS VENTOS III LTDA. - 11.686.100/0001-30 (PIE)
EOL.CV.RN.030311-9.1,28.8,28.8,Operação,100% para DESA MORRO DOS VENTOS IV LTDA. - 11.686.202/0001-55 (PIE)
EOL.CV.RN.030333-0.1,19.8,19.8,Operação,100% para EOLICA BAIXA VERDE S.A. - 11.613.311/0001-42 (PIE)
EOL.CV.RN.030339-9.1,68.47,68.47,Operação,100% para BRASVENTOS MIASSABA 3 GERADORA DE ENERGIA S.A. - 11.839.616/0001-77 (PIE)
EOL.CV.RN.030340-2.1,27.3,27.3,Operação,100% para EOLICA BELA VISTA GERACAO E COMERCIALIZACAO DE ENERGIA SA - 10.288.502/0001-13 (PIE)
EOL.CV.RN.030351-8.1,8.0,8.0,Operação,100% para EURUS VI ENERGIAS RENOVAVEIS LTDA - 10.797.905/0001-98 (PIE)
EOL.CV.RN.030370-4.1,14.4,14.4,Operação,100% para MIASSABA GERADORA EOLICA S.A - 08.664.111/0001-04 (PIE)
EOL.CV.RN.030378-0.1,30.0,30.0,Operação,100% para SANTA CLARA V ENERGIAS RENOVAVEIS LTDA - 10.797.909/0001-76 (PIE)
EOL.CV.RN.030389-5.1,23.1,23.1,Operação,100% para EOLICA MAR E TERRA GERACAO E COMERCIALIZACAO DE ENERGIA S.A. - 10.288.438/0001-70 (PIE)
EOL.CV.RN.030416-6.1,58.45,58.45,Operação,100% para BRASVENTOS EOLO GERADORA DE ENERGIA S.A. - 11.637.090/0001-42 (PIE)
EOL.CV.RN.030417-4.1,60.12,60.12,Operação,100% para REI DOS VENTOS 3 GERADORA DE ENERGIA S.A. - 11.637.104/0001-28 (PIE)
EOL.CV.RN.030454-9.1,20.0,20.0,Operação,100% para MEL 2 ENERGIA RENOVAVEL S/A - 12.107.032/0001-70 (PIE)
EOL.CV.RN.030497-2.1,30.0,30.0,Operação,100% para RENASCENCA V ENERGIAS RENOVAVEIS S.A. - 10.797.904/0001-43 (PIE)
EOL.CV.RN.030498-0.1,32.0,32.0,Operação,100% para ASA BRANCA IV ENERGIAS RENOVAVEIS S.A. - 11.681.456/0001-80 (PIE)
EOL.CV.RN.030499-9.1,30.0,30.0,Operação,100% para EURUS II ENERGIAS RENOVAVEIS S.A. - 10.797.897/0001-80 (PIE)
EOL.CV.RN.030500-6.1,30.0,30.0,Operação,100% para CAMPOS DOS VENTOS II ENERGIAS RENOVAVEIS LTDA. - 10.797.889/0001-33 (PIE)
EOL.CV.RN.030501-4.1,19.8,19.8,Operação,100% para EOLICA MOXOTO S.A. - 12.848.329/0001-96 (PIE)
EOL.CV.RN.030502-2.1,20.0,20.0,Operação,100% para GE FAROL S/A - 12.723.335/0001-17 (PIE)
EOL.CV.RN.030503-0.1,30.0,30.0,Operação,100% para DESA EURUS I LTDA. - 12.652.614/0001-37 (PIE)
EOL.CV.RN.030504-9.1,30.0,30.0,Operação,100% para DESA EURUS III LTDA. - 12.652.634/0001-08 (PIE)
EOL.CV.RN.030505-7.1,27.0,27.0,Operação,100% para NOVA ASA BRANCA I ENERGIAS RENOVAVEIS S.A - 12.802.855/0001-15 (PIE)
EOL.CV.RN.030507-3.1,32.0,32.0,Operação,100% para ASA BRANCA V ENERGIAS RENOVAVEIS S.A. - 11.681.458/0001-70 (PIE)
EOL.CV.RN.030508-1.1,32.0,32.0,Operação,100% para ASA BRANCA VIII ENERGIAS RENOVAVEIS S.A. - 11.694.621/0001-39 (PIE)
EOL.CV.RN.030509-0.1,27.0,27.0,Operação,100% para NOVA EURUS IV ENERGIAS RENOVAVEIS S.A - 12.802.866/0001-03 (PIE)
EOL.CV.RN.030511-1.1,30.0,30.0,Operação,100% para CALANGO 1 ENERGIA RENOVAVEL S/A. - 12.106.898/0001-66 (PIE)
EOL.CV.RN.030512-0.1,14.0,14.0,Operação,100% para GE BOA VISTA S/A - 12.723.413/0001-83 (PIE)
EOL.CV.RN.030513-8.1,32.0,32.0,Operação,100% para ASA BRANCA VII ENERGIAS RENOVAVEIS S.A. - 11.694.618/0001-15 (PIE)
EOL.CV.RN.030514-6.1,30.0,30.0,Operação,100% para GERACAO CENTRAL EOLICA VENTOS DE  SAO MIGUEL  S.A. - 12.833.419/0001-03 (PIE)
EOL.CV.RN.030515-4.1,30.0,30.0,Operação,100% para GERACAO CENTRAL EOLICA RENASCENCA I S.A. - 12.831.777/0001-87 (PIE)
EOL.CV.RN.030516-2.1,30.0,30.0,Operação,100% para GERACAO EOLICA RENASCENCA II S.A. - 12.831.668/0001-60 (PIE)
EOL.CV.RN.030519-7.1,30.0,30.0,Operação,100% para CALANGO 2 ENERGIA RENOVAVEL S/A - 12.107.047/0001-38 (PIE)
EOL.CV.RN.030520-0.1,32.0,32.0,Operação,100% para ASA BRANCA VI ENERGIAS RENOVAVEIS S.A. - 11.694.617/0001-70 (PIE)
EOL.CV.RN.030527-8.1,30.0,30.0,Operação,100% para GERACAO CENTRAL EOLICA PARQUE RENASCENCA III S.A. - 12.833.445/0001-31 (PIE)
EOL.CV.RN.030536-7.1,30.0,30.0,Operação,100% para GE SAO BENTO DO NORTE S/A - 12.723.384/0001-50 (PIE)
EOL.CV.RN.030537-5.1,30.0,30.0,Operação,100% para CALANGO 4 ENERGIA RENOVAVEL S/A. - 12.106.862/0001-82 (PIE)
EOL.CV.RN.030545-6.1,30.0,30.0,Operação,100% para CALANGO 3 ENERGIA RENOVAVEL S/A. - 12.106.962/0001-09 (PIE)
EOL.CV.RN.030547-2.1,27.0,27.0,Operação,100% para NOVA ASA BRANCA II ENERGIAS RENOVAVEIS S.A - 12.802.844/0001-35 (PIE)
EOL.CV.RN.030548-0.1,27.0,27.0,Operação,100% para NOVA ASA BRANCA III ENERGIAS RENOVAVEIS S.A - 12.802.835/0001-44 (PIE)
EOL.CV.RN.030549-9.1,30.0,30.0,Operação,100% para GE OLHO D'AGUA S/A - 12.723.444/0001-34 (PIE)
EOL.CV.RN.030551-0.1,30.0,30.0,Operação,100% para GERACAO  CENTRAL EOLICA COMPLEXO RENASCENCA IV S.A. - 12.833.899/0001-02 (PIE)
EOL.CV.RN.030552-9.1,30.0,30.0,Operação,100% para CALANGO 5 ENERGIA RENOVAVEL S/A. - 12.159.338/0001-70 (PIE)
EOL.CV.RN.030553-7.1,0.006,0.006,Operação,Não Informado
EOL.CV.RN.030562-6.1,22.4,22.4,Operação,100% para ENERGIA POTIGUAR GERADORA EOLICA S/A. - 13.336.223/0001-76 (PIE)
EOL.CV.RN.030563-4.1,22.4,22.4,Operação,100% para TORRES DE PEDRA GERADORA EOLICA S/A. - 13.336.463/0001-70 (PIE)
EOL.CV.RN.030564-2.1,22.4,22.4,Operação,100% para PONTA DO VENTO LESTE GERADORA EOLICA S/A. - 13.336.480/0001-08 (PIE)
EOL.CV.RN.030565-0.1,11.2,11.2,Operação,100% para TORRES DE SAO MIGUEL GERADORA EOLICA S/A. - 13.336.491/0001-98 (PIE)
EOL.CV.RN.030566-9.1,24.0,24.0,Operação,100% para MORRO DOS VENTOS GERADORA EOLICA S/A. - 13.336.386/0001-59 (PIE)
EOL.CV.RN.030567-7.1,12.8,12.8,Operação,100% para CANTO DA ILHA GERADORA EOLICA S/A. - 13.336.397/0001-39 (PIE)
EOL.CV.RN.030568-5.1,14.4,14.4,Operação,100% para CAMPINA POTIGUAR GERADORA EOLICA S/A. - 13.341.988/0001-02 (PIE)
EOL.CV.RN.030569-3.1,14.4,14.4,Operação,100% para ESQUINA DOS VENTOS GERADORA EOLICA S/A. - 13.336.404/0001-00 (PIE)
EOL.CV.RN.030570-7.1,11.2,11.2,Operação,100% para ILHA DOS VENTOS GERADORA EOLICA S/A. - 13.336.428/0001-51 (PIE)
EOL.CV.RN.030571-5.1,14.4,14.4,Operação,100% para PONTAL DO NORDESTE GERADORA EOLICA S/A. - 13.336.415/0001-82 (PIE)
EOL.CV.RN.030609-6.1,30.0,30.0,Operação,100% para EOLICA LAGOA NOVA S.A. - 12.851.098/0001-70 (PIE)
EOL.CV.RN.030615-0.1,30.0,30.0,Operação,100% para EOLICA SERIDO S.A. SUBSIDIARIA INTEGRAL - 12.848.783/0001-47 (PIE)
EOL.CV.RN.030622-3.1,28.0,28.0,Operação,100% para ARIZONA 1 ENERGIA RENOVAVEL S/A - 11.944.524/0001-57 (PIE)
EOL.CV.RN.030625-8.1,20.0,20.0,Operação,100% para EOLICA SERRA DE SANTANA S.A. - 12.848.401/0001-85 (PIE)
EOL.CV.RN.030660-6.1,16.1,16.1,Operação,100% para SPE JUREMAS ENERGIA S.A. - 09.665.446/0001-00 (PIE)
EOL.CV.RN.030661-4.1,20.7,20.7,Operação,100% para SPE MACACOS ENERGIA S.A. - 07.091.059/0001-81 (PIE)
EOL.CV.RN.030671-1.1,20.7,20.7,Operação,100% para SPE PEDRA PRETA ENERGIA S.A. - 09.665.342/0001-03 (PIE)
EOL.CV.RN.030672-0.1,20.7,20.7,Operação,100% para SPE COSTA BRANCA ENERGIA S.A. - 09.665.392/0001-82 (PIE)
EOL.CV.RN.030699-1.1,21.0,21.0,Operação,100% para USINA DE ENERGIA EOLICA GUAJIRU S/A - 21.957.870/0001-23 (PIE)
EOL.CV.RN.030700-9.1,27.3,27.3,Operação,100% para USINA DE ENERGIA EOLICA JANGADA S/A - 21.957.722/0001-09 (PIE)
EOL.CV.RN.030701-7.1,23.1,23.1,Operação,100% para USINA DE ENERGIA EOLICA CUTIA S/A - 21.917.808/0001-08 (PIE)
EOL.CV.RN.030702-5.1,27.3,27.3,Operação,100% para USINA DE ENERGIA EOLICA MARIA HELENA S/A - 21.909.793/0001-36 (PIE)
EOL.CV.RN.030787-4.1,30.55,30.55,Operação,100% para ENEL GREEN POWER MODELO I EOLICA S.A. - 14.512.809/0001-07 (PIE)
EOL.CV.RN.030788-2.1,25.85,25.85,Operação,100% para ENEL GREEN POWER MODELO II EOLICA S.A. - 14.504.489/0001-43 (PIE)
EOL.CV.RN.030804-8.1,27.0,27.0,Operação,100% para USINA DE ENERGIA EOLICA SAO JOAO SPE S.A - 14.535.646/0001-88 (PIE)
EOL.CV.RN.030828-5.1,16.2,16.2,Operação,100% para VENTOS DE SANTO URIEL S.A - 14.583.703/0001-02 (PIE)
EOL.CV.RN.030831-5.1,27.0,27.0,Operação,100% para USINA DE ENERGIA EOLICA CARNAUBA SPE S.A - 14.535.588/0001-92 (PIE)
EOL.CV.RN.030832-3.1,30.0,30.0,Operação,100% para USINA DE ENERGIA EOLICA CARCARA I SPE S.A. - 14.535.594/0001-40 (PIE)
EOL.CV.RN.030834-0.1,29.7,29.7,Operação,100% para SANTA HELENA ENERGIAS RENOVAVEIS S.A - 12.053.929/0001-68 (PIE)
EOL.CV.RN.030843-9.1,27.0,27.0,Operação,100% para USINA DE ENERGIA EOLICA REDUTO SPE S.A - 14.527.003/0001-92 (PIE)
EOL.CV.RN.030849-8.1,27.465,27.465,Operação,100% para USINA DE ENERGIA EOLICA SANTO CRISTO SPE S.A - 14.535.540/0001-84 (PIE)
EOL.CV.RN.030856-0.1,20.0,20.0,Operação,100% para EOLICA PARAISO S.A. SUBSIDIARIA INTEGRAL - 14.604.100/0001-31 (PIE)
EOL.CV.RN.030860-9.1,28.0,28.0,Operação,100% para EOLICA LANCHINHA S.A. - 14.603.978/0001-52 (PIE)
EOL.CV.RN.030864-1.1,29.7,29.7,Operação,100% para SANTA MARIA ENERGIAS RENOVAVEIS S.A - 12.053.787/0001-39 (PIE)
EOL.CV.RN.030870-6.1,29.7,29.7,Operação,100% para Central Geradora Eolica Acari S.A. - 12.959.291/0001-29 (PIE)
EOL.CV.RN.030871-4.1,27.0,27.0,Operação,100% para CENTRAL GERADORA EOLICA ALBUQUERQUE S.A - 12.960.216/0001-88 (PIE)
EOL.CV.RN.030872-2.1,29.7,29.7,Operação,100% para CENTRAL GERADORA EOLICA APELIOTES S.A - 12.959.413/0001-87 (PIE)
EOL.CV.RN.030873-0.1,29.7,29.7,Operação,100% para CENTRAL GERADORA EOLICA ARENA S.A - 11.781.913/0001-09 (PIE)
EOL.CV.RN.030874-9.1,29.7,29.7,Operação,100% para Central Geradora Eolica Anemoi S.A. - 12.959.327/0001-74 (PIE)
EOL.CV.RN.030876-5.1,26.0,26.0,Operação,100% para Gestamp Eólica Jardins S.A. - 15.231.547/0001-75 (PIE)
EOL.CV.RN.030889-7.1,29.16,29.16,Operação,100% para DESA MORRO DOS VENTOS II LTDA. - 15.207.271/0001-90 (PIE)
EOL.CV.RN.030895-1.2,27.0,27.0,Operação,100% para USINA DE ENERGIA EOLICA CAICARA I SPE S.A. - 15.313.271/0001-74 (PIE)
EOL.CV.RN.030897-8.1,30.0,30.0,Operação,100% para USINA DE ENERGIA EOLICA CARCARA II SPE S.A. - 15.394.399/0001-00 (PIE)
EOL.CV.RN.030898-6.1,30.0,30.0,Operação,100% para USINA DE ENERGIA EOLICA TERRAL SPE S.A - 15.394.357/0001-79 (PIE)
EOL.CV.RN.030900-1.1,18.0,18.0,Operação,100% para ELAWAN EOLICA ALVORADA S.A. - 15.231.479/0001-44 (PIE)
EOL.CV.RN.030902-8.2,24.0,24.0,Operação,100% para USINA DE ENERGIA EOLICA JUNCO I SPE S.A. - 15.313.226/0001-10 (PIE)
EOL.CV.RN.030914-1.2,24.0,24.0,Operação,100% para USINA DE ENERGIA EOLICA JUNCO II SPE S.A. - 15.313.187/0001-50 (PIE)
EOL.CV.RN.030915-0.2,18.0,18.0,Operação,100% para USINA DE ENERGIA EOLICA CAICARA II SPE S.A. - 15.313.113/0001-14 (PIE)
EOL.CV.RN.030931-1.1,30.0,30.0,Operação,100% para CENTRAL EOLICA BAIXA DO FEIJAO IV S.A. - 14.496.317/0001-75 (PIE)
EOL.CV.RN.030932-0.1,30.0,30.0,Operação,100% para CENTRAL EOLICA BAIXA DO FEIJAO I S.A. - 14.496.492/0001-62 (PIE)
EOL.CV.RN.030933-8.1,30.0,30.0,Operação,100% para CENTRAL EOLICA BAIXA DO FEIJAO II S.A. - 14.496.545/0001-45 (PIE)
EOL.CV.RN.030934-6.1,30.0,30.0,Operação,100% para CENTRAL EOLICA BAIXA DO FEIJAO III S.A. - 14.496.290/0001-10 (PIE)
EOL.CV.RN.031015-8.1,26.0,26.0,Operação,100% para ELAWAN EOLICA AGRESTE S.A. - 15.231.615/0001-04 (PIE)
EOL.CV.RN.031025-5.1,18.0,18.0,Operação,100% para ELAWAN EOLICA MACAMBIRA I S.A. - 15.231.588/0001-61 (PIE)
EOL.CV.RN.031026-3.1,18.0,18.0,Operação,100% para ELAWAN EOLICA MACAMBIRA II S.A. - 15.231.448/0001-93 (PIE)
EOL.CV.RN.031069-7.1,25.2,25.2,Operação,100% para CAMPOS DOS VENTOS V ENERGIAS RENOVAVEIS LTDA. - 10.797.888/0001-99 (PIE)
EOL.CV.RN.031071-9.1,25.2,25.2,Operação,100% para CAMPOS DOS VENTOS III ENERGIAS RENOVAVEIS LTDA. - 10.797.891/0001-02 (PIE)
EOL.CV.RN.031072-7.1,25.2,25.2,Operação,100% para CAMPO DOS VENTOS I ENERGIAS RENOVAVEIS LTDA. - 10.797.890/0001-68 (PIE)
EOL.CV.RN.031372-6.1,29.4,29.4,Operação,100% para VENTOS DE SANTO DIMAS ENERGIAS RENOVAVEIS LTDA. - 13.329.931/0001-80 (PIE)
EOL.CV.RN.031373-4.1,29.4,29.4,Operação,100% para SAO BENEDITO ENERGIAS RENOVAVEIS LTDA - 12.053.657/0001-04 (PIE)
EOL.CV.RN.031412-9.1,14.7,14.7,Operação,100% para VENTOS DE SAO MARTINHO ENERGIAS RENOVAVEIS LTDA. - 13.330.011/0001-81 (PIE)
EOL.CV.RN.031425-0.1,27.3,27.3,Operação,100% para SANTA URSULA ENERGIAS RENOVAVEIS LTDA - 12.053.891/0001-23 (PIE)
EOL.CV.RN.031427-7.1,29.4,29.4,Operação,100% para SANTA MONICA ENERGIAS RENOVAVEIS LTDA. - 12.053.687/0001-02 (PIE)
EOL.CV.RN.031642-3.1,31.5,31.5,Operação,100% para SM GERACAO DE ENERGIA EOLICA S/A - 13.783.102/0001-72 (PIE)
EOL.CV.RN.031643-1.1,21.0,21.0,Operação,100% para VENTOS DO CANTO DE BAIXO GERADORA EOLICA S/A - 17.143.838/0001-37 (PIE)
EOL.CV.RN.031645-8.1,25.2,25.2,Operação,100% para FORTE CANTO DE BAIXO GERADORA EOLICA S/A - 18.265.320/0001-39 (PIE)
EOL.CV.RN.031651-2.1,28.6,28.6,Operação,100% para EOLICA CABECO VERMELHO S.A. - 20.024.563/0001-27 (PIE)
EOL.CV.RN.031652-0.1,28.875,28.875,Operação,100% para VENTOS PARAZINHENSES GERADORA EOLICA S/A - 17.205.697/0001-30 (PIE)
EOL.CV.RN.031665-2.1,16.8,16.8,Operação,100% para EOLICA CABECO VERMELHO II S.A. - SUBSIDIARIA INTEGRAL - 20.024.516/0001-83 (PIE)
EOL.CV.RN.031697-0.1,18.9,18.9,Operação,100% para VENTOS DE SANTO ANTONIO GERADORA EOLICA S/A - 17.143.971/0001-93 (PIE)
EOL.CV.RN.031750-0.1,24.0,24.0,Operação,100% para USINA DE ENERGIA EOLICA VILA AMAZONAS V SPE S.A. - 20.339.203/0001-14 (PIE)
EOL.CV.RN.031757-8.1,24.0,24.0,Operação,100% para USINA DE ENERGIA EOLICA VILA PARA II SPE S.A. - 20.318.810/0001-06 (PIE)
EOL.CV.RN.031759-4.1,27.0,27.0,Operação,100% para USINA DE ENERGIA EOLICA VILA PARA I SPE S.A. - 20.318.451/0001-89 (PIE)
EOL.CV.RN.031765-9.1,24.0,24.0,Operação,100% para USINA DE ENERGIA EOLICA VILA PARA III SPE S.A. - 20.318.427/0001-40 (PIE)
EOL.CV.RN.031801-9.1,32.9,32.9,Operação,100% para CENTRAL EOLICA JAU S.A. - 17.227.909/0001-80 (PIE)
EOL.CV.RN.031802-7.1,32.9,32.9,Operação,100% para CENTRAL EOLICA JAU S.A. - 17.227.909/0001-80 (PIE)
EOL.CV.RN.031810-8.1,30.0,30.0,Operação,100% para SANTANA 1 ENERGIA RENOVAVEL S.A. - 19.560.874/0001-21 (PIE)
EOL.CV.RN.031811-6.1,24.0,24.0,Operação,100% para SANTANA 2 ENERGIA RENOVAVEL S.A. - 19.588.049/0001-35 (PIE)
EOL.CV.RN.031812-4.1,30.0,30.0,Operação,100% para CALANGO 6 ENERGIA RENOVAVEL S.A. - 19.560.837/0001-13 (PIE)
EOL.CV.RN.031826-4.1,32.9,32.9,Operação,100% para CENTRAL EOLICA JAU S.A. - 17.227.909/0001-80 (PIE)
EOL.CV.RN.031887-6.1,28.2,28.2,Operação,100% para CENTRAL EOLICA AVENTURA I S.A - 19.980.957/0001-70 (PIE)
EOL.CV.RN.032080-3.1,25.2,25.2,Operação,100% para EOLICA DO AGRESTE POTIGUAR I S.A. - 33.268.331/0001-66 (PIE)
EOL.CV.RN.032194-0.1,37.8,37.8,Operação,100% para EOLICA DO AGRESTE POTIGUAR II S.A. - 33.268.312/0001-30 (PIE)
EOL.CV.RN.032207-5.1,42.0,42.0,Operação,100% para ENEL GREEN POWER CUMARU 01 S.A. - 31.211.298/0001-02 (PIE)
EOL.CV.RN.032208-3.1,42.0,42.0,Operação,"53% para ENEL GREEN POWER CUMARU 02 S.A - 31.216.345/0001-00 (PIE), 20% para NESTLE BRASIL LTDA. - 60.409.075/0001-52 (PIE), 16% para CHOCOLATES GAROTO LTDA. - 28.053.619/0001-83 (PIE), 11% para NESTLE NORDESTE ALIMENTOS E BEBIDAS LTDA. - 08.334.818/0001-52 (PIE)"
EOL.CV.RN.032209-1.1,42.0,42.0,Operação,"60% para ENEL GREEN POWER CUMARU 03 S.A - 31.216.014/0001-70 (PIE), 17% para NESTLE BRASIL LTDA. - 60.409.075/0001-52 (PIE), 13% para CHOCOLATES GAROTO LTDA. - 28.053.619/0001-83 (PIE), 10% para NESTLE NORDESTE ALIMENTOS E BEBIDAS LTDA. - 08.334.818/0001-52 (PIE)"
EOL.CV.RN.032215-6.1,25.2,25.2,Operação,100% para SAO DOMINGOS ENERGIAS RENOVAVEIS LTDA. - 12.053.825/0001-53 (PIE)
EOL.CV.RN.032280-6.1,12.4,0.0,Construção,100% para CENTRAL EÓLICA PARAÍSO FAROL II SPE S.A. - 44.822.756/0001-91 (PIE)
EOL.CV.RN.032281-4.1,31.0,0.0,Construção,100% para CENTRAL EÓLICA PARAÍSO FAROL III SPE S.A. - 44.991.501/0001-52 (PIE)
EOL.CV.RN.032352-7.1,20.0,20.0,Operação,100% para EOLICA PEDRA RAJADA S.A. - SUBSIDIARIA INTEGRAL - 21.909.246/0001-50 (PIE)
EOL.CV.RN.032353-5.1,20.0,20.0,Operação,100% para EOLICA PEDRA RAJADA II S.A. - SUBSIDIARIA INTEGRAL - 21.909.399/0001-06 (PIE)
EOL.CV.RN.032354-3.1,27.3,27.3,Operação,100% para USINA DE ENERGIA EOLICA ESPERANCA DO NORDESTE S/A - 21.916.951/0001-85 (PIE)
EOL.CV.RN.032355-1.1,27.3,27.3,Operação,100% para USINA DE ENERGIA EOLICA PARAISO DOS VENTOS DO NORDESTE S/A - 21.909.032/0001-84 (PIE)
EOL.CV.RN.032356-0.1,27.3,27.3,Operação,100% para USINA DE ENERGIA EOLICA POTIGUAR S/A - 21.957.968/0001-80 (PIE)
EOL.CV.RN.032404-3.1,40.5,40.5,Operação,100% para SPE 3 – Central Eólica Mundo Novo S.A. - 41.760.915/0001-82 (PIE)
EOL.CV.RN.032405-1.1,40.5,40.5,Operação,100% para SPE 2 – Central Eólica Mundo Novo S.A. - 41.725.168/0001-41 (PIE)
EOL.CV.RN.032495-7.1,60.35,60.35,Operação,100% para CENTRAL EOLICA TERRA SANTA SPE I S.A - 24.895.239/0001-35 (PIE)
EOL.CV.RN.032501-5.1,31.95,31.95,Operação,100% para CENTRAL EOLICA TERRA SANTA SPE II S.A - 24.894.829/0001-43 (PIE)
EOL.CV.RN.032518-0.1,67.2,67.2,Operação,100% para CENTRAL EOLICA MONTE VERDE I S.A - 31.199.583/0001-55 (PIE)
EOL.CV.RN.032519-8.1,67.2,67.2,Operação,100% para CENTRAL EOLICA MONTE VERDE II S.A - 31.199.569/0001-51 (PIE)
EOL.CV.RN.032593-7.1,67.5,67.5,Operação,100% para VENTOS DE SANTA LÍVIA ENERGIAS RENOVÁVEIS S.A. - 35.865.635/0001-36 (PIE)
EOL.CV.RN.032870-7.1,10.395,10.395,Operação,100% para JANDAIRA I ENERGIAS RENOVAVEIS S.A. - 35.823.538/0001-80 (PIE)
EOL.CV.RN.033002-7.1,21.0,21.0,Operação,100% para CENTRAL EOLICA AVENTURA II S/A - 17.875.511/0001-50 (PIE)
EOL.CV.RN.033026-4.1,25.2,25.2,Operação,100% para CENTRAL EOLICA AVENTURA III S.A. - 29.302.365/0001-52 (PIE)
EOL.CV.RN.033429-4.1,39.05,39.05,Operação,100% para EOL MARAL I SPE S.A - 33.486.289/0001-50 (PIE)
EOL.CV.RN.033430-8.1,28.4,28.4,Operação,100% para EOL MARAL II SPE S.A - 33.486.296/0001-51 (PIE)
EOL.CV.RN.033552-5.1,22.5,22.5,Operação,100% para SPE 1 – Central Eólica Mundo Novo S.A. - 41.760.884/0001-60 (PIE)
EOL.CV.RN.033597-5.1,25.2,25.2,Operação,100% para CENTRAL EOLICA ACAUA I S.A. - 35.842.703/0001-41 (PIE)
EOL.CV.RN.033598-3.1,21.0,21.0,Operação,100% para CENTRAL EOLICA ACAUA I S.A. - 35.842.703/0001-41 (PIE)
EOL.CV.RN.033640-8.1,23.1,23.1,Operação,100% para CENTRAL GERADORA EOLICA SAO BENTO DO NORTE I S/A - 21.216.892/0001-32 (PIE)
EOL.CV.RN.033642-4.1,23.1,23.1,Operação,100% para CENTRAL GERADORA EOLICA SAO BENTO DO NORTE II S/A - 21.216.877/0001-94 (PIE)
EOL.CV.RN.033643-2.1,23.1,23.1,Operação,100% para CENTRAL GERADORA EOLICA SAO BENTO DO NORTE III S/A - 21.216.857/0001-13 (PIE)
EOL.CV.RN.033644-0.1,21.0,21.0,Operação,100% para CENTRAL GERADORA EOLICA SAO MIGUEL I S/A - 21.216.915/0001-09 (PIE)
EOL.CV.RN.033645-9.1,21.0,21.0,Operação,100% para CENTRAL GERADORA EOLICA SAO MIGUEL II SA - 21.216.925/0001-44 (PIE)
EOL.CV.RN.033647-5.1,21.0,21.0,Operação,100% para CENTRAL GERADORA EOLICA SAO MIGUEL III S/A - 21.216.439/0001-26 (PIE)
EOL.CV.RN.033666-1.1,30.8,30.8,Operação,100% para EOLICA BOA ESPERANCA I S.A. - 21.909.323/0001-72 (PIE)
EOL.CV.RN.033681-5.1,67.5,67.5,Operação,100% para VENTOS DE SÃO LUIGI ENERGIAS RENOVÁVEIS S.A. - 35.865.640/0001-49 (PIE)
EOL.CV.RN.033690-4.1,67.1,67.1,Operação,100% para VENTOS DE SÃO LEOPOLDO ENERGIAS RENOVÁVEIS S.A. - 35.874.343/0001-60 (PIE)
EOL.CV.RN.033691-2.1,67.5,67.5,Operação,100% para VENTOS DE SÃO LONGINO ENERGIAS RENOVÁVEIS S.A. - 35.989.467/0001-90 (PIE)
EOL.CV.RN.033752-8.1,27.3,27.3,Operação,100% para USINA DE ENERGIA EOLICA VILA ACRE I SPE S.A. - 24.061.085/0001-86 (PIE)
EOL.CV.RN.033753-6.1,31.185,31.185,Operação,100% para VENTOS DE VILA ACRE II SPE S.A - 29.523.731/0001-01 (PIE)
EOL.CV.RN.033831-1.1,18.6,18.6,Operação,100% para Eólica Santo Agostinho 1 S.A. - 20.675.133/0001-75 (PIE)
EOL.CV.RN.033833-8.1,31.0,31.0,Operação,100% para Eólica Santo Agostinho 2 S.A. - 20.675.144/0001-55 (PIE)
EOL.CV.RN.033834-6.1,12.4,12.4,Operação,100% para Eólica Santo Agostinho 3 S.A. - 20.675.156/0001-80 (PIE)
EOL.CV.RN.033835-4.1,37.2,37.2,Operação,100% para Eólica Santo Agostinho 4 S.A. - 20.675.170/0001-83 (PIE)
EOL.CV.RN.033836-2.1,55.8,55.8,Operação,100% para Eólica Santo Agostinho 5 S.A. - 20.675.180/0001-19 (PIE)
EOL.CV.RN.033838-9.1,24.8,24.8,Operação,100% para Eólica Santo Agostinho 6 S.A. - 20.675.196/0001-21 (PIE)
EOL.CV.RN.033853-2.1,37.2,37.2,Operação,100% para Eólica Santo Agostinho 13 S.A. - 20.667.603/0001-59 (PIE)
EOL.CV.RN.033854-0.1,6.2,6.2,Operação,100% para Eólica Santo Agostinho 14 S.A. - 20.666.572/0001-11 (PIE)
EOL.CV.RN.033857-5.1,43.4,43.4,Operação,100% para Eólica Santo Agostinho 17 S.A. - 20.666.636/0001-84 (PIE)
EOL.CV.RN.033864-8.1,16.8,16.8,Operação,100% para CENTRAL EOLICA ACAUA III S.A. - 35.842.711/0001-98 (PIE)
EOL.CV.RN.033872-9.1,31.0,31.0,Operação,100% para Eólica Santo Agostinho 18 S.A. - 20.666.659/0001-99 (PIE)
EOL.CV.RN.033875-3.1,31.0,31.0,Operação,100% para Eólica Santo Agostinho 21 S.A. - 20.666.720/0001-06 (PIE)
EOL.CV.RN.033881-8.1,58.8,58.8,Operação,100% para CENTRAL EOLICA MONTE VERDE III S.A - 31.199.512/0001-52 (PIE)
EOL.CV.RN.033964-4.1,46.2,46.2,Operação,100% para CENTRAL EOLICA ACAUA II S.A. - 35.842.708/0001-74 (PIE)
EOL.CV.RN.034498-2.1,37.8,37.8,Operação,100% para ANEMUS WIND 1 PARTICIPACOES S.A. - 29.481.536/0001-58 (PIE)
EOL.CV.RN.034499-0.1,46.2,46.2,Operação,100% para ANEMUS WIND 2 PARTICIPACOES S.A. - 29.492.546/0001-99 (PIE)
EOL.CV.RN.034541-5.1,27.5,0.0,Construção não iniciada,100% para CENTRAL EÓLICA MILAGRES LTDA - 10.502.390/0001-51 (PIE)
EOL.CV.RN.034546-6.1,27.5,0.0,Construção não iniciada,100% para CENTRAL EÓLICA MORADA NOVA LTDA. - 14.031.695/0001-83 (PIE)
EOL.CV.RN.034550-4.1,27.5,0.0,Construção não iniciada,100% para CENTRAL EÓLICA BOA VISTA I LTDA. - 14.031.849/0001-37 (PIE)
EOL.CV.RN.034551-2.1,27.5,0.0,Construção não iniciada,100% para CENTRAL EÓLICA BOA VISTA II LTDA. - 14.031.261/0001-83 (PIE)
EOL.CV.RN.034612-8.1,51.3,0.0,Construção,100% para ELAWAN EOLICA PASSAGEM S/A - 43.673.613/0001-00 (PIE)
EOL.CV.RN.034719-1.1,27.5,0.0,Construção não iniciada,100% para CENTRAL EÓLICA PAU D'ARCO LTDA - 12.162.324/0001-05 (PIE)
EOL.CV.RN.034720-5.1,27.5,0.0,Construção não iniciada,100% para CENTRAL EÓLICA PEDRA ROSADA LTDA. - 13.975.708/0001-00 (PIE)
EOL.CV.RN.034723-0.1,27.5,0.0,Construção não iniciada,100% para CENTRAL EÓLICA SANTA BENVINDA II LTDA. - 14.031.659/0001-10 (PIE)
EOL.CV.RN.034724-8.1,27.5,0.0,Construção não iniciada,100% para CENTRAL EÓLICA PAU BRANCO LTDA. - 11.345.057/0001-49 (PIE)
EOL.CV.RN.034937-2.1,67.5,67.5,Operação,100% para VENTOS DE SÃO LEÃO I ENERGIAS RENOVÁVEIS S.A. - 35.865.651/0001-29 (PIE)
EOL.CV.RN.035008-7.1,24.255,24.255,Operação,100% para JANDAIRA II ENERGIAS RENOVAVEIS S.A. - 35.824.347/0001-33 (PIE)
EOL.CV.RN.035158-0.1,29.4,29.4,Operação,100% para AFONSO BEZERRA I GERACAO DE ENERGIA SPE S.A - 33.511.218/0001-60 (PIE)
EOL.CV.RN.035159-8.1,29.4,29.4,Operação,100% para AFONSO BEZERRA II GERACAO DE ENERGIA SPE S.A - 33.511.255/0001-78 (PIE)
EOL.CV.RN.035160-1.1,29.4,29.4,Operação,100% para AFONSO BEZERRA III GERACAO DE ENERGIA SPE S.A. - 33.511.325/0001-98 (PIE)
EOL.CV.RN.035161-0.1,16.8,16.8,Operação,100% para AFONSO BEZERRA IV GERACAO DE ENERGIA SPE S.A. - 33.511.347/0001-58 (PIE)
EOL.CV.RN.035165-2.1,25.2,25.2,Operação,100% para EOLICA ANGICOS I GERACAO DE ENERGIAS SPE S.A - 33.511.173/0001-23 (PIE)
EOL.CV.RN.035166-0.1,29.4,29.4,Operação,100% para EOLICA ANGICOS II GERACAO DE ENERGIAS SPE S.A - 33.511.191/0001-05 (PIE)
EOL.CV.RN.035210-1.1,33.6,33.6,Operação,100% para CENTRAL EOLICA SRMN I S.A. - 29.302.334/0001-00 (PIE)
EOL.CV.RN.035211-0.1,29.4,29.4,Operação,100% para CENTRAL EOLICA SRMN II S.A. - 29.302.357/0001-06 (PIE)
EOL.CV.RN.035212-8.1,33.6,33.6,Operação,100% para CENTRAL EOLICA SRMN III S.A. - 29.433.969/0001-38 (PIE)
EOL.CV.RN.035214-4.1,24.8,24.8,Operação,100% para Eólica Santo Agostinho 25 S.A. - 23.079.920/0001-42 (PIE)
EOL.CV.RN.035215-2.1,43.4,43.4,Operação,100% para Eólica Santo Agostinho 26 S.A. - 23.079.885/0001-61 (PIE)
EOL.CV.RN.035216-0.1,37.2,37.2,Operação,100% para Eólica Santo Agostinho 27 S.A. - 23.193.334/0001-24 (PIE)
EOL.CV.RN.035270-5.1,27.72,27.72,Operação,100% para JANDAIRA III ENERGIAS RENOVAVEIS S.A. - 35.823.536/0001-91 (PIE)
EOL.CV.RN.035271-3.1,27.72,27.72,Operação,100% para JANDAIRA IV ENERGIAS RENOVAVEIS S.A. - 35.823.577/0001-88 (PIE)
EOL.CV.RN.036973-0.1,37.8,37.8,Operação,100% para VILA PIAUI 2 EMPREENDIMENTOS E PARTICIPACOES S.A. - 30.311.116/0001-02 (PIE)
EOL.CV.RN.036974-8.1,31.185,31.185,Operação,100% para VENTOS DE VILA CEARA I SPE S.A - 29.498.486/0001-11 (PIE)
EOL.CV.RN.036975-6.1,37.8,37.8,Operação,100% para VILA PIAUI 1 EMPREENDIMENTOS E PARTICIPACOES S.A. - 30.321.883/0001-00 (PIE)
EOL.CV.RN.036976-4.1,31.185,31.185,Operação,100% para VENTOS DE VILA CEARA II SPE S.A - 29.498.495/0001-02 (PIE)
EOL.CV.RN.036977-2.1,21.0,21.0,Operação,100% para VILA ALAGOAS II EMPREENDIMENTOS E PARTICIPACOES S.A - 34.109.311/0001-05 (PIE)
EOL.CV.RN.036979-9.1,42.0,42.0,Operação,100% para VILA PIAUI 3 EMPREENDIMENTOS E PARTICIPACOES S.A. - 30.311.141/0001-96 (PIE)
EOL.CV.RN.036980-2.1,31.95,31.95,Operação,100% para VENTOS DE VILA PARAIBA IV SPE S.A - 31.478.575/0001-48 (PIE)
EOL.CV.RN.036981-0.1,34.65,34.65,Operação,100% para VENTOS DE VILA PARAIBA I SPE S.A - 29.523.723/0001-57 (PIE)
EOL.CV.RN.036984-5.1,58.905,58.905,Operação,100% para EOL POTIGUAR B61 SPE S.A - 34.109.229/0001-80 (PIE)
EOL.CV.RN.036985-3.1,34.65,34.65,Operação,100% para VENTOS DE VILA PARAIBA II SPE S.A - 29.498.479/0001-10 (PIE)
EOL.CV.RN.037020-7.1,42.0,42.0,Operação,"59% para ENEL GREEN POWER CUMARU 04 S.A - 31.211.130/0001-05 (PIE), 17% para NESTLE BRASIL LTDA. - 60.409.075/0001-52 (PIE), 14% para CHOCOLATES GAROTO LTDA. - 28.053.619/0001-83 (PIE), 10% para NESTLE NORDESTE ALIMENTOS E BEBIDAS LTDA. - 08.334.818/0001-52 (PIE)"
EOL.CV.RN.037021-5.1,37.8,37.8,Operação,100% para ENEL GREEN POWER CUMARU 05 S.A - 31.210.772/0001-81 (PIE)
EOL.CV.RN.037070-3.1,50.4,0.0,Construção não iniciada,100% para ELAWAN EÓLICA RIO GRANDE DO NORTE S.A. - 32.118.270/0001-98 (PIE)
EOL.CV.RN.037073-8.1,76.23,76.23,Operação,100% para VENTOS DE SAO FERNANDO I ENERGIA S.A - 23.008.029/0001-15 (PIE)
EOL.CV.RN.037075-4.1,72.765,72.765,Operação,100% para VENTOS DE SAO FERNANDO II ENERGIA S.A. - 32.132.033/0001-81 (PIE)
EOL.CV.RN.037076-2.1,24.255,24.255,Operação,100% para VENTOS DE SAO FERNANDO III ENERGIA S.A - 32.671.163/0001-92 (PIE)
EOL.CV.RN.037077-0.1,83.16,83.16,Operação,100% para VENTOS DE SAO FERNANDO IV ENERGIA S.A. - 33.701.101/0001-49 (PIE)
EOL.CV.RN.037294-3.1,29.4,29.4,Operação,100% para CENTRAL EOLICA JERUSALEM I S.A. - 30.785.922/0001-12 (PIE)
EOL.CV.RN.037295-1.1,29.4,29.4,Operação,100% para CENTRAL EOLICA JERUSALEM II S.A. - 30.798.864/0001-61 (PIE)
EOL.CV.RN.037296-0.1,29.4,29.4,Operação,100% para CENTRAL EOLICA JERUSALEM III S.A. - 31.231.701/0001-65 (PIE)
EOL.CV.RN.037297-8.1,29.4,29.4,Operação,100% para CENTRAL EOLICA JERUSALEM IV S.A. - 31.207.208/0001-00 (PIE)
EOL.CV.RN.037298-6.1,29.4,29.4,Operação,100% para CENTRAL EOLICA JERUSALEM V S.A. - 31.207.206/0001-10 (PIE)
EOL.CV.RN.037299-4.1,33.6,33.6,Operação,100% para CENTRAL EOLICA JERUSALEM VI S.A. - 31.190.337/0001-32 (PIE)
EOL.CV.RN.037663-9.1,33.6,33.6,Operação,100% para CENTRAL EOLICA SRMN IV S.A. - 29.507.214/0001-30 (PIE)
EOL.CV.RN.037664-7.1,25.2,25.2,Operação,100% para CENTRAL EOLICA SRMN V S.A. - 30.486.147/0001-02 (PIE)
EOL.CV.RN.037949-2.1,29.4,29.4,Operação,100% para CENTRAL EOLICA AVENTURA IV S.A. - 28.525.891/0001-19 (PIE)
EOL.CV.RN.037950-6.1,29.4,29.4,Operação,100% para CENTRAL EOLICA AVENTURA V S.A. - 28.946.365/0001-22 (PIE)
EOL.CV.RN.037959-0.1,28.4,28.4,Operação,100% para SPE COSTA DAS DUNAS ENERGIA S.A. - 10.401.225/0001-03 (PIE)
EOL.CV.RN.037999-9.1,24.85,24.85,Operação,100% para SPE FAROL DE TOUROS ENERGIA S.A. - 10.369.836/0001-11 (PIE)
EOL.CV.RN.038002-4.1,10.65,10.65,Operação,100% para SPE FIGUEIRA BRANCA ENERGIA LTDA. - 09.665.352/0001-30 (PIE)
EOL.CV.RN.038006-7.1,17.75,17.75,Operação,100% para SPE GAMELEIRA ENERGIA LTDA. - 07.099.001/0001-84 (PIE)
EOL.CV.RN.038035-0.1,46.2,46.2,Operação,100% para CENTRAL EOLICA MONTE VERDE IV S.A - 31.199.598/0001-13 (PIE)
EOL.CV.RN.038140-3.1,37.8,37.8,Operação,100% para VILA RIO GRANDE DO NORTE 2 EMPREENDIMENTOS E PARTICIPACOES S.A. - 29.320.977/0001-78 (PIE)
EOL.CV.RN.038141-1.1,25.2,25.2,Operação,100% para VILA RIO GRANDE DO NORTE 1 EMPREENDIMENTOS E PARTICIPACOES S.A. - 29.401.264/0001-39 (PIE)
EOL.CV.RN.038142-0.1,37.8,37.8,Operação,100% para VILA SERGIPE 1 EMPREENDIMENTOS E PARTICIPACOES S.A. - 29.330.011/0001-11 (PIE)
EOL.CV.RN.038143-8.1,37.8,37.8,Operação,100% para VILA SERGIPE 2 EMPREENDIMENTOS E PARTICIPACOES S.A. - 30.321.925/0001-03 (PIE)
EOL.CV.RN.038144-6.1,16.8,16.8,Operação,100% para VILA SERGIPE 3 EMPREENDIMENTOS E PARTICIPACOES S.A. - 30.311.178/0001-14 (PIE)
EOL.CV.RN.038310-4.1,63.0,63.0,Operação,100% para VENTOS DE SANTA AMÉLIA ENERGIAS RENOVÁVEIS S/A - 29.845.768/0001-48 (PIE)
EOL.CV.RN.038318-0.1,63.0,63.0,Operação,100% para VENTOS DE SANTO ARTUR ENERGIAS RENOVAVEIS S/A - 29.845.721/0001-84 (PIE)
EOL.CV.RN.038319-8.1,63.0,63.0,Operação,100% para VENTOS DE SANTA ALICE ENERGIAS RENOVÁVEIS S/A - 29.845.784/0001-30 (PIE)
EOL.CV.RN.038320-1.1,63.0,63.0,Operação,100% para VENTOS DE SÃO FELIPE ENERGIAS RENOVÁVEIS S/A - 29.845.761/0001-26 (PIE)
EOL.CV.RN.038321-0.1,63.0,63.0,Operação,100% para VENTOS DE SÃO MIZAEL ENERGIAS RENOVÁVEIS S/A - 29.845.751/0001-90 (PIE)
EOL.CV.RN.038322-8.1,67.2,67.2,Operação,100% para VENTOS DE SANTA SARA ENERGIAS RENOVÁVEIS S/A - 29.845.794/0001-76 (PIE)
EOL.CV.RN.038323-6.1,63.0,63.0,Operação,100% para VENTOS DE SANTA SOFIA ENERGIAS RENOVAVEIS S/A - 29.845.733/0001-09 (PIE)
EOL.CV.RN.038325-2.1,31.95,31.95,Operação,100% para EOL POTIGUAR B141 SPE S.A - 30.097.726/0001-55 (PIE)
EOL.CV.RN.038326-0.1,31.95,31.95,Operação,100% para EOL POTIGUAR B142 SPE S.A - 31.004.703/0001-11 (PIE)
EOL.CV.RN.038327-9.1,31.95,31.95,Operação,100% para EOL POTIGUAR B143 SPE S.A - 31.449.173/0001-15 (PIE)
EOL.CV.RN.040584-1.1,33.6,33.6,Operação,100% para CENTRAL EOLICA MONTE VERDE V S.A - 31.199.661/0001-11 (PIE)
EOL.CV.RN.040585-0.1,46.2,46.2,Operação,100% para CENTRAL EOLICA MONTE VERDE VI S.A - 31.199.538/0001-09 (PIE)
EOL.CV.RN.040594-9.1,33.6,33.6,Operação,100% para VILA ESPIRITO SANTO I EMPREENDIMENTOS E PARTICIPACOES S.A - 34.043.696/0001-55 (PIE)
EOL.CV.RN.040595-7.1,37.8,37.8,Operação,100% para VILA ESPIRITO SANTO II EMPREENDIMENTOS E PARTICIPACOES S.A - 34.011.705/0001-26 (PIE)
EOL.CV.RN.040596-5.1,37.8,37.8,Operação,100% para VILA ESPIRITO SANTO III EMPREENDIMENTOS E PARTICIPACOES S.A - 34.043.685/0001-75 (PIE)
EOL.CV.RN.040597-3.1,37.8,37.8,Operação,100% para VILA ESPIRITO SANTO IV EMPREENDIMENTOS E PARTICIPACOES S.A - 34.011.712/0001-28 (PIE)
EOL.CV.RN.040598-1.1,37.8,37.8,Operação,100% para VILA ESPIRITO SANTO V EMPREENDIMENTOS E PARTICIPACOES S.A - 34.135.249/0001-26 (PIE)
EOL.CV.RN.040600-7.1,45.045,45.045,Operação,100% para EOL POTIGUAR B31 SPE S.A. - 34.327.393/0001-64 (PIE)
EOL.CV.RN.040601-5.1,48.51,48.51,Operação,100% para EOL POTIGUAR B32 SPE S.A - 34.327.409/0001-39 (PIE)
EOL.CV.RN.040602-3.1,58.905,58.905,Operação,100% para EOL POTIGUAR B33 SPE S.A - 34.327.417/0001-85 (PIE)
EOL.CV.RN.040625-2.1,58.8,58.8,Operação,100% para VENTOS DE SANTO ABELARDO ENERGIAS RENOVÁVEIS S/A - 23.037.514/0001-17 (PIE)
EOL.CV.RN.040816-6.1,42.0,42.0,Operação,100% para CENTRAL EOLICA BOQUEIRAO I S.A. - 31.252.889/0001-28 (PIE)
EOL.CV.RN.040818-2.1,37.8,37.8,Operação,100% para CENTRAL EOLICA BOQUEIRAO II S.A. - 31.232.196/0001-73 (PIE)
EOL.CV.RN.043218-0.1,49.5,49.5,Operação,100% para CENTRAL EOLICA CATANDUBA I S.A. - 31.724.960/0001-28 (PIE)
EOL.CV.RN.043219-9.1,49.5,49.5,Operação,100% para CENTRAL EOLICA CATANDUBA II S.A. - 33.343.327/0001-15 (PIE)
EOL.CV.RN.044337-9.1,31.5,0.0,Construção não iniciada,100% para EOLICA ESQUINA DO VENTO I SPE LTDA - 23.554.151/0001-97 (PIE)
EOL.CV.RN.044338-7.1,31.5,0.0,Construção não iniciada,100% para EOLICA ESQUINA DO VENTO II SPE LTDA - 58.308.105/0001-92 (PIE)
EOL.CV.RN.044343-3.1,31.5,0.0,Construção não iniciada,100% para EOLICA ESQUINA DO VENTO III SPE LTDA - 58.405.724/0001-03 (PIE)
EOL.CV.RN.044344-1.1,27.0,0.0,Construção,100% para EOLICA ESQUINA DO VENTO IV SPE LTDA - 58.558.769/0001-00 (PIE)
EOL.CV.RN.044956-3.1,37.2,0.0,Construção não iniciada,"99.9900% para EDP RENOVAVEIS BRASIL S/A - 09.334.083/0001-20 (PIE), 0.0100% para DGE SOLUCOES RENOVAVEIS LTDA - 08.922.006/0001-28 (PIE)"
EOL.CV.RN.044957-1.1,43.4,0.0,Construção não iniciada,"99.9900% para EDP RENOVAVEIS BRASIL S/A - 09.334.083/0001-20 (PIE), 0.0100% para DGE SOLUCOES RENOVAVEIS LTDA - 08.922.006/0001-28 (PIE)"
EOL.CV.RN.044974-1.1,22.5,22.5,Operação,100% para CENTRAL GERADORA EÓLICA SERIDÓ I S.A. - 38.263.175/0001-64 (PIE)
EOL.CV.RN.044975-0.1,22.5,22.5,Operação,100% para CENTRAL GERADORA EÓLICA SERIDÓ II S.A. - 39.372.597/0001-30 (PIE)
EOL.CV.RN.044976-8.1,27.0,27.0,Operação,100% para CENTRAL GERADORA EÓLICA SERIDÓ III S A. - 38.262.963/0001-36 (PIE)
EOL.CV.RN.045010-3.1,64.9,64.9,Operação,100% para Ventos de São Luís Energias Renováveis S.A. - 35.859.036/0001-00 (PIE)
EOL.CV.RN.045011-1.1,66.1,66.1,Operação,100% para VENTOS DE SÃO LUDGERO ENERGIAS RENOVÁVEIS S.A. - 35.896.824/0001-76 (PIE)
EOL.CV.RN.045012-0.1,66.1,66.1,Operação,100% para Ventos de São Lucio I Energias Renováveis S.A. - 35.865.649/0001-50 (PIE)
EOL.CV.RN.046742-1.1,27.72,27.72,Operação,100% para TODA ENERGIA DO BRASIL LTDA - 36.160.050/0001-83 (PIE)
EOL.CV.RN.047140-2.1,37.2,0.0,Construção não iniciada,"99.9900% para EDP RENOVAVEIS BRASIL S/A - 09.334.083/0001-20 (PIE), 0.0100% para DGE SOLUCOES RENOVAVEIS LTDA - 08.922.006/0001-28 (PIE)"
EOL.CV.RN.047141-0.1,49.6,0.0,Construção não iniciada,"99.9900% para EDP RENOVAVEIS BRASIL S/A - 09.334.083/0001-20 (PIE), 0.0100% para DGE SOLUCOES RENOVAVEIS LTDA - 08.922.006/0001-28 (PIE)"
EOL.CV.RN.047142-9.1,37.2,0.0,Construção não iniciada,"99.9900% para EDP RENOVAVEIS BRASIL S/A - 09.334.083/0001-20 (PIE), 0.0100% para DGE SOLUCOES RENOVAVEIS LTDA - 08.922.006/0001-28 (PIE)"
EOL.CV.RN.047143-7.1,37.2,0.0,Construção não iniciada,"99.9900% para EDP RENOVAVEIS BRASIL S/A - 09.334.083/0001-20 (PIE), 0.0100% para DGE SOLUCOES RENOVAVEIS LTDA - 08.922.006/0001-28 (PIE)"
EOL.CV.RN.047144-5.1,37.2,0.0,Construção não iniciada,"99.9900% para EDP RENOVAVEIS BRASIL S/A - 09.334.083/0001-20 (PIE), 0.0100% para DGE SOLUCOES RENOVAVEIS LTDA - 08.922.006/0001-28 (PIE)"
EOL.CV.RN.047160-7.1,31.5,31.5,Operação,100% para CENTRAL GERADORA EÓLICA SERIDÓ XII S.A. - 36.641.357/0001-04 (PIE)
EOL.CV.RN.047161-5.1,27.0,27.0,Operação,100% para CENTRAL GERADORA EÓLICA SERIDÓ XI S.A. - 36.641.855/0001-49 (PIE)
EOL.CV.RN.047162-3.1,22.5,22.5,Operação,100% para CENTRAL GERADORA EÓLICA SERIDÓ IX S.A. - 36.641.614/0001-08 (PIE)
EOL.CV.RN.047163-1.1,18.0,18.0,Operação,100% para CENTRAL GERADORA EÓLICA SERIDÓ VI S.A. - 25.216.818/0001-77 (PIE)
EOL.CV.RN.047164-0.1,27.0,27.0,Operação,100% para CENTRAL GERADORA EÓLICA SERIDÓ X S.A. - 36.641.948/0001-73 (PIE)
EOL.CV.RN.047165-8.1,27.0,27.0,Operação,100% para CENTRAL GERADORA EÓLICA SERIDÓ IV S.A. - 38.419.561/0001-00 (PIE)
EOL.CV.RN.047166-6.1,22.5,22.5,Operação,100% para CENTRAL GERADORA EÓLICA SERIDÓ V S.A. - 25.318.520/0001-78 (PIE)
EOL.CV.RN.047198-4.1,45.6,45.6,Operação,100% para VENTOS DE SANTA TEREZA 14 ENERGIAS RENOVAVEIS S.A. - 36.957.804/0001-20 (PIE)
EOL.CV.RN.047205-0.2,45.0,45.0,Operação,100% para Ventos de São Galdino Energias Renováveis S.A. - 42.495.343/0001-14 (PIE)
EOL.CV.RN.047235-2.1,39.9,39.9,Operação,100% para VENTOS DE SANTA TEREZA 01 ENERGIAS RENOVAVEIS S.A. - 36.952.007/0001-50 (PIE)
EOL.CV.RN.047236-0.1,39.9,39.9,Operação,100% para VENTOS DE SANTA TEREZA 02 ENERGIAS RENOVAVEIS S.A. - 36.952.033/0001-89 (PIE)
EOL.CV.RN.047237-9.1,45.6,45.6,Operação,100% para VENTOS DE SANTA TEREZA 03 ENERGIAS RENOVAVEIS S.A. - 36.951.946/0001-80 (PIE)
EOL.CV.RN.047238-7.1,39.9,39.9,Operação,100% para VENTOS DE SANTA TEREZA 04 ENERGIAS RENOVAVEIS S.A. - 37.002.801/0001-04 (PIE)
EOL.CV.RN.047239-5.1,45.6,45.6,Operação,100% para VENTOS DE SANTA TEREZA 05 ENERGIAS RENOVAVEIS S.A. - 36.951.974/0001-06 (PIE)
EOL.CV.RN.047240-9.1,5.9,0.0,Construção,100% para Ventos de Santa Tereza 06 Energias Renováveis S.A. - 36.951.989/0001-66 (PIE)
EOL.CV.RN.047241-7.1,68.4,68.4,Operação,100% para VENTOS DE SANTA TEREZA 07 ENERGIAS RENOVAVEIS S.A. - 37.020.274/0001-52 (PIE)
EOL.CV.RN.047242-5.1,17.1,17.1,Operação,100% para VENTOS DE SANTA TEREZA 08 ENERGIAS RENOVAVEIS S.A. - 36.957.817/0001-08 (PIE)
EOL.CV.RN.047243-3.1,59.0,0.0,Construção,100% para VENTOS DE SANTA TEREZA 09 ENERGIAS RENOVAVEIS S.A. - 36.952.001/0001-83 (PIE)
EOL.CV.RN.047244-1.1,51.3,51.3,Operação,100% para VENTOS DE SANTA TEREZA 10 ENERGIAS RENOVAVEIS S.A. - 36.957.768/0001-03 (PIE)
EOL.CV.RN.047245-0.1,47.2,0.0,Construção,100% para VENTOS DE SANTA TEREZA 11 ENERGIAS RENOVAVEIS S.A. - 36.957.786/0001-87 (PIE)
EOL.CV.RN.047246-8.1,22.8,22.8,Operação,100% para VENTOS DE SANTA TEREZA 12 ENERGIAS RENOVAVEIS S.A. - 37.020.270/0001-74 (PIE)
EOL.CV.RN.047247-6.1,45.6,45.6,Operação,100% para VENTOS DE SANTA TEREZA 13 ENERGIAS RENOVAVEIS S.A. - 36.957.780/0001-00 (PIE)
EOL.CV.RN.049170-5.1,23.6,23.6,Operação,100% para VENTOS DE SAO RICARDO 01 ENERGIAS RENOVAVEIS S.A. - 37.053.489/0001-70 (PIE)
EOL.CV.RN.049171-3.1,29.5,29.5,Operação,100% para VENTOS DE SAO RICARDO 02 ENERGIAS RENOVAVEIS S.A. - 37.002.800/0001-51 (PIE)
EOL.CV.RN.049172-1.1,51.3,51.3,Operação,100% para VENTOS DE SAO RICARDO 03 ENERGIAS RENOVAVEIS S.A. - 36.957.823/0001-57 (PIE)
EOL.CV.RN.049173-0.1,39.9,39.9,Operação,100% para VENTOS DE SAO RICARDO 04 ENERGIAS RENOVAVEIS S.A. - 37.002.822/0001-11 (PIE)
EOL.CV.RN.049179-9.1,45.6,45.6,Operação,100% para VENTOS DE SAO RICARDO 10 ENERGIAS RENOVAVEIS S.A. - 36.957.856/0001-05 (PIE)
EOL.CV.RN.049180-2.1,34.2,34.2,Operação,100% para VENTOS DE SAO RICARDO 11 ENERGIAS RENOVAVEIS S.A. - 36.957.862/0001-54 (PIE)
EOL.CV.RN.049664-2.1,63.0,63.0,Operação,100% para Ventos de Santa Tarsila Energias Renováveis S.A - 42.740.778/0001-87 (PIE)
EOL.CV.RN.049665-0.1,63.0,63.0,Operação,100% para Ventos de Santa Doroteia Energias Renováveis S.A. - 42.740.823/0001-01 (PIE)
EOL.CV.RN.049666-9.1,63.0,63.0,Operação,100% para Ventos de Santa Bertilla Energias Renováveis S.A. - 42.740.786/0001-23 (PIE)
EOL.CV.RN.049667-7.1,63.0,63.0,Operação,100% para Ventos de Santa Flávia Energias Renováveis S.A. - 42.740.798/0001-58 (PIE)
EOL.CV.RN.049668-5.1,63.0,63.0,Operação,100% para Ventos de Santa Cristina Energias Renováveis S.A. - 42.773.707/0001-80 (PIE)
EOL.CV.RN.049669-3.1,58.5,58.5,Operação,100% para Ventos de Santa Isabel Energias Renováveis S.A. - 42.745.764/0001-56 (PIE)
EOL.CV.RN.049670-7.1,63.0,63.0,Operação,100% para Ventos de Santa Clotilde Energias Renováveis S.A. - 42.745.758/0001-07 (PIE)
EOL.CV.RN.049671-5.1,63.0,63.0,Operação,100% para Ventos de Santa Balbina Energias Renováveis S.A. - 42.745.750/0001-32 (PIE)
EOL.CV.RN.050015-1.1,63.0,63.0,Operação,100% para Ventos de Santa Áurea Energias Renováveis S.A. - 42.745.743/0001-30 (PIE)
EOL.CV.RN.050016-0.1,58.5,58.5,Operação,100% para Ventos de Santa Priscila Energias Renováveis S.A. - 42.773.752/0001-35 (PIE)
EOL.CV.RN.050018-6.1,63.0,0.0,Construção não iniciada,100% para VENTOS DE SÃO LEVI ENERGIAS RENOVÁVEIS S.A. - 47.624.299/0001-19 (PIE)
EOL.CV.RN.050019-4.1,63.0,0.0,Construção não iniciada,100% para VENTOS DE SÃO LEANDRO ENERGIAS RENOVÁVEIS S.A. - 47.624.321/0001-20 (PIE)
EOL.CV.RN.050020-8.1,63.0,0.0,Construção não iniciada,100% para VENTOS DE SÃO LINO ENERGIAS RENOVÁVEIS S.A. - 47.624.306/0001-82 (PIE)
EOL.CV.RN.050021-6.1,63.0,0.0,Construção não iniciada,100% para VENTOS DE SÃO REMO ENERGIAS RENOVÁVEIS S.A. - 47.760.883/0001-00 (PIE)
EOL.CV.RN.050022-4.1,63.0,0.0,Construção não iniciada,100% para VENTOS DE SÃO SEVERO ENERGIAS RENOVÁVEIS S.A. - 47.760.880/0001-68 (PIE)
EOL.CV.RN.050082-8.1,41.3,41.3,Operação,100% para USINA EOLICA CASQUEIRA A LTDA - 44.394.907/0001-58 (PIE)
EOL.CV.RN.050083-6.1,47.2,11.8,Operação,100% para USINA EOLICA CASQUEIRA B LTDA - 44.253.677/0001-07 (PIE)
EOL.CV.RN.050096-8.1,29.5,0.0,Construção,100% para CENTRAL EOLICA SAO DOMINGOS I S.A. - 47.034.214/0001-42 (PIE)
EOL.CV.RN.050097-6.1,35.4,0.0,Construção,100% para CENTRAL EOLICA SAO DOMINGOS II S.A. - 47.027.402/0001-43 (PIE)
EOL.CV.RN.050098-4.1,17.7,0.0,Construção,100% para CENTRAL EOLICA SAO DOMINGOS III S.A. - 47.034.271/0001-21 (PIE)
EOL.CV.RN.050099-2.1,23.6,0.0,Construção,100% para CENTRAL EOLICA SAO DOMINGOS IV S.A. - 50.396.907/0001-90 (PIE)
EOL.CV.RN.050100-0.1,11.8,0.0,Construção,100% para CENTRAL EOLICA SAO DOMINGOS V S.A. - 50.396.932/0001-73 (PIE)
EOL.CV.RN.050124-7.1,17.7,0.0,Construção,100% para CENTRAL EOLICA ITAUNA I S.A. - 47.027.381/0001-66 (PIE)
EOL.CV.RN.050125-5.1,23.6,0.0,Construção,100% para CENTRAL EOLICA ITAUNA II S.A. - 47.027.303/0001-61 (PIE)
EOL.CV.RN.050126-3.1,41.3,0.0,Construção,100% para CENTRAL EOLICA ITAUNA III S.A. - 50.396.872/0001-99 (PIE)
EOL.CV.RN.050150-6.1,42.0,0.0,Construção não iniciada,100% para Elawan Desenvolvimentos Brasil S.A. - 32.849.284/0001-81 (PIE)
EOL.CV.RN.050151-4.1,37.8,0.0,Construção não iniciada,100% para Elawan Desenvolvimentos Brasil S.A. - 32.849.284/0001-81 (PIE)
EOL.CV.RN.050152-2.1,37.8,0.0,Construção não iniciada,100% para Elawan Desenvolvimentos Brasil S.A. - 32.849.284/0001-81 (PIE)
EOL.CV.RN.050153-0.1,25.2,0.0,Construção não iniciada,100% para Elawan Desenvolvimentos Brasil S.A. - 32.849.284/0001-81 (PIE)
EOL.CV.RN.050154-9.1,46.2,0.0,Construção não iniciada,100% para Elawan Desenvolvimentos Brasil S.A. - 32.849.284/0001-81 (PIE)
EOL.CV.RN.051067-0.1,54.6,54.6,Operação,100% para ANEMUS WIND 3 PARTICIPACOES S.A - 38.350.307/0001-95 (PIE)
EOL.CV.RN.051549-3.1,22.5,0.0,Construção não iniciada,100% para EOLICA ESQUINA DO VENTO V SPE LTDA - 58.356.522/0001-00 (PIE)
EOL.CV.RN.051550-7.1,22.5,0.0,Construção não iniciada,100% para EOLICA ESQUINA DO VENTO VI SPE LTDA - 58.361.506/0001-06 (PIE)
EOL.CV.RN.051551-5.1,31.5,0.0,Construção não iniciada,100% para EOLICA ESQUINA DO VENTO VII SPE LTDA - 58.445.247/0001-00 (PIE)
EOL.CV.RN.051552-3.1,22.5,0.0,Construção não iniciada,100% para EOLICA ESQUINA DO VENTO VIII SPE LTDA - 58.339.028/0001-38 (PIE)
EOL.CV.RN.051553-1.1,9.0,0.0,Construção não iniciada,100% para EOLICA ESQUINA DO VENTO IX SPE LTDA - 58.346.708/0001-89 (PIE)
EOL.CV.RN.051568-0.1,31.0,0.0,Construção,100% para CENTRAL EÓLICA PEDRA DE AMOLAR I SPE S.A. - 45.006.238/0001-62 (PIE)
EOL.CV.RN.051585-0.2,49.5,49.5,Operação,100% para Ventos de São Canuto IV Energias Renováveis S.A. - 42.538.271/0001-45 (PIE)
EOL.CV.RN.051586-8.2,54.0,54.0,Operação,100% para Ventos de São Guilherme Energias Renováveis S.A. - 42.495.350/0001-16 (PIE)
EOL.CV.RN.051587-6.2,54.0,54.0,Operação,100% para Ventos de São Jeremias Energias Renováveis S.A. - 42.455.678/0001-09 (PIE)
EOL.CV.RN.051711-9.1,31.0,0.0,Construção,100% para CENTRAL EÓLICA PEDRA DE AMOLAR II SPE S.A. - 45.061.568/0001-50 (PIE)
EOL.CV.RN.060204-3.1,27.5,0.0,Construção não iniciada,100% para JANDAÍRA VENTOS S.A. - 33.313.185/0001-43 (PIE)
EOL.CV.RN.060205-1.1,27.5,0.0,Construção não iniciada,100% para JANDAÍRA II VENTOS S.A. - 33.330.668/0001-56 (PIE)
EOL.CV.RN.072066-6.1,62.0,0.0,Construção não iniciada,100% para VENTOS DE SÃO PANTALEÃO ENERGIAS RENOVÁVEIS S.A. - 47.807.818/0001-84 (PIE)
EOL.CV.RN.072067-4.1,62.0,0.0,Construção não iniciada,100% para VENTOS DE SÃO RAFAEL ENERGIAS RENOVÁVEIS S.A - 14.676.561/0001-10 (PIE)
EOL.CV.RN.072068-2.1,62.0,0.0,Construção não iniciada,100% para VENTOS DE SÃO RAFAEL ENERGIAS RENOVÁVEIS S.A - 14.676.561/0001-10 (PIE)
