codigo,arquivo,url
AO-CE.NE.2LE,AO-CE.NE.2LE_Rev.32.pdf,https://www.ons.org.br/MPO/Documento%20Normativo/5.%20Ajustamentos%20Operativos%20-%20SM%205.14/5.2.%20Regi%C3%A3o%20Nordeste/5.2.2.%20%C3%81rea%20230%20kV%20Leste/AO-CE.NE.2LE_Rev.32.pdf
AO-CE.NE.2NO,AO-CE.NE.2NO_Rev.20.pdf,https://www.ons.org.br/MPO/Documento%20Normativo/5.%20Ajustamentos%20Operativos%20-%20SM%205.14/5.2.%20Regi%C3%A3o%20Nordeste/5.2.4.%20%C3%81rea%20230%20kV%20Norte/AO-CE.NE.2NO_Rev.20.pdf
IO-OI.NE.ABR,IO-OI.NE.ABR_Rev.15.pdf,https://www.ons.org.br/MPO/Documento%20Normativo/3.%20Instru%C3%A7%C3%B5es%20de%20Opera%C3%A7%C3%A3o%20-%20SM%205.12/3.7.%20Opera%C3%A7%C3%A3o%20de%20Instala%C3%A7%C3%B5es/3.7.3.%20Nordeste/3.7.3.4.%20%C3%81rea%20230%20kV%20Norte/IO-OI.NE.ABR_Rev.15.pdf
IO-OI.NE.ACD,IO-OI.NE.ACD_Rev.53.pdf,https://www.ons.org.br/MPO/Documento%20Normativo/3.%20Instru%C3%A7%C3%B5es%20de%20Opera%C3%A7%C3%A3o%20-%20SM%205.12/3.7.%20Opera%C3%A7%C3%A3o%20de%20Instala%C3%A7%C3%B5es/3.7.3.%20Nordeste/3.7.3.2.%20%C3%81rea%20230%20kV%20Leste/IO-OI.NE.ACD_Rev.53.pdf
IO-OI.NE.ACT,IO-OI.NE.ACT_Rev.22.pdf,https://www.ons.org.br/MPO/Documento%20Normativo/3.%20Instru%C3%A7%C3%B5es%20de%20Opera%C3%A7%C3%A3o%20-%20SM%205.12/3.7.%20Opera%C3%A7%C3%A3o%20de%20Instala%C3%A7%C3%B5es/3.7.3.%20Nordeste/3.7.3.8.%20%C3%81rea%20500%20kV%20da%20Regi%C3%A3o%20Nordeste/IO-OI.NE.ACT_Rev.22.pdf
IO-OI.NE.ALG,IO-OI.NE.ALG_Rev.17.pdf,https://www.ons.org.br/MPO/Documento%20Normativo/3.%20Instru%C3%A7%C3%B5es%20de%20Opera%C3%A7%C3%A3o%20-%20SM%205.12/3.7.%20Opera%C3%A7%C3%A3o%20de%20Instala%C3%A7%C3%B5es/3.7.3.%20Nordeste/3.7.3.2.%20%C3%81rea%20230%20kV%20Leste/IO-OI.NE.ALG_Rev.17.pdf
IO-OI.NE.CAD,IO-OI.NE.CAD_Rev.08.pdf,https://www.ons.org.br/MPO/Documento%20Normativo/3.%20Instru%C3%A7%C3%B5es%20de%20Opera%C3%A7%C3%A3o%20-%20SM%205.12/3.7.%20Opera%C3%A7%C3%A3o%20de%20Instala%C3%A7%C3%B5es/3.7.3.%20Nordeste/3.7.3.4.%20%C3%81rea%20230%20kV%20Norte/IO-OI.NE.CAD_Rev.08.pdf
IO-OI.NE.CID,IO-OI.NE.CID_Rev.30.pdf,https://www.ons.org.br/MPO/Documento%20Normativo/3.%20Instru%C3%A7%C3%B5es%20de%20Opera%C3%A7%C3%A3o%20-%20SM%205.12/3.7.%20Opera%C3%A7%C3%A3o%20de%20Instala%C3%A7%C3%B5es/3.7.3.%20Nordeste/3.7.3.8.%20%C3%81rea%20500%20kV%20da%20Regi%C3%A3o%20Nordeste/IO-OI.NE.CID_Rev.30.pdf
IO-OI.NE.CMR,IO-OI.NE.CMR_Rev.04.pdf,https://www.ons.org.br/MPO/Documento%20Normativo/3.%20Instru%C3%A7%C3%B5es%20de%20Opera%C3%A7%C3%A3o%20-%20SM%205.12/3.7.%20Opera%C3%A7%C3%A3o%20de%20Instala%C3%A7%C3%B5es/3.7.3.%20Nordeste/3.7.3.2.%20%C3%81rea%20230%20kV%20Leste/IO-OI.NE.CMR_Rev.04.pdf
IO-OI.NE.CRN,IO-OI.NE.CRN_Rev.10.pdf,https://www.ons.org.br/MPO/Documento%20Normativo/3.%20Instru%C3%A7%C3%B5es%20de%20Opera%C3%A7%C3%A3o%20-%20SM%205.12/3.7.%20Opera%C3%A7%C3%A3o%20de%20Instala%C3%A7%C3%B5es/3.7.3.%20Nordeste/3.7.3.2.%20%C3%81rea%20230%20kV%20Leste/IO-OI.NE.CRN_Rev.10.pdf
IO-OI.NE.CSER,IO-OI.NE.CSER_Rev.01.pdf,https://www.ons.org.br/MPO/Documento%20Normativo/3.%20Instru%C3%A7%C3%B5es%20de%20Opera%C3%A7%C3%A3o%20-%20SM%205.12/3.7.%20Opera%C3%A7%C3%A3o%20de%20Instala%C3%A7%C3%B5es/3.7.3.%20Nordeste/3.7.3.8.%20%C3%81rea%20500%20kV%20da%20Regi%C3%A3o%20Nordeste/IO-OI.NE.CSER_Rev.01.pdf
IO-OI.NE.CUT,IO-OI.NE.CUT_Rev.04.pdf,https://www.ons.org.br/MPO/Documento%20Normativo/3.%20Instru%C3%A7%C3%B5es%20de%20Opera%C3%A7%C3%A3o%20-%20SM%205.12/3.7.%20Opera%C3%A7%C3%A3o%20de%20Instala%C3%A7%C3%B5es/3.7.3.%20Nordeste/3.7.3.2.%20%C3%81rea%20230%20kV%20Leste/IO-OI.NE.CUT_Rev.04.pdf
IO-OI.NE.ETD,IO-OI.NE.ETD_Rev.25.pdf,https://www.ons.org.br/MPO/Documento%20Normativo/3.%20Instru%C3%A7%C3%B5es%20de%20Opera%C3%A7%C3%A3o%20-%20SM%205.12/3.7.%20Opera%C3%A7%C3%A3o%20de%20Instala%C3%A7%C3%B5es/3.7.3.%20Nordeste/3.7.3.2.%20%C3%81rea%20230%20kV%20Leste/IO-OI.NE.ETD_Rev.25.pdf
IO-OI.NE.GAM,IO-OI.NE.GAM_Rev.03.pdf,https://www.ons.org.br/MPO/Documento%20Normativo/3.%20Instru%C3%A7%C3%B5es%20de%20Opera%C3%A7%C3%A3o%20-%20SM%205.12/3.7.%20Opera%C3%A7%C3%A3o%20de%20Instala%C3%A7%C3%B5es/3.7.3.%20Nordeste/3.7.3.2.%20%C3%81rea%20230%20kV%20Leste/IO-OI.NE.GAM_Rev.03.pdf
IO-OI.NE.GLH,IO-OI.NE.GLH_Rev.12.pdf,https://www.ons.org.br/MPO/Documento%20Normativo/3.%20Instru%C3%A7%C3%B5es%20de%20Opera%C3%A7%C3%A3o%20-%20SM%205.12/3.7.%20Opera%C3%A7%C3%A3o%20de%20Instala%C3%A7%C3%B5es/3.7.3.%20Nordeste/3.7.3.2.%20%C3%81rea%20230%20kV%20Leste/IO-OI.NE.GLH_Rev.12.pdf
IO-OI.NE.JCD,IO-OI.NE.JCD_Rev.19.pdf,https://www.ons.org.br/MPO/Documento%20Normativo/3.%20Instru%C3%A7%C3%B5es%20de%20Opera%C3%A7%C3%A3o%20-%20SM%205.12/3.7.%20Opera%C3%A7%C3%A3o%20de%20Instala%C3%A7%C3%B5es/3.7.3.%20Nordeste/3.7.3.2.%20%C3%81rea%20230%20kV%20Leste/IO-OI.NE.JCD_Rev.19.pdf
IO-OI.NE.JCT,IO-OI.NE.JCT_Rev.29.pdf,https://www.ons.org.br/MPO/Documento%20Normativo/3.%20Instru%C3%A7%C3%B5es%20de%20Opera%C3%A7%C3%A3o%20-%20SM%205.12/3.7.%20Opera%C3%A7%C3%A3o%20de%20Instala%C3%A7%C3%B5es/3.7.3.%20Nordeste/3.7.3.8.%20%C3%81rea%20500%20kV%20da%20Regi%C3%A3o%20Nordeste/IO-OI.NE.JCT_Rev.29.pdf
IO-OI.NE.JDD,IO-OI.NE.JDD_Rev.03.pdf,https://www.ons.org.br/MPO/Documento%20Normativo/3.%20Instru%C3%A7%C3%B5es%20de%20Opera%C3%A7%C3%A3o%20-%20SM%205.12/3.7.%20Opera%C3%A7%C3%A3o%20de%20Instala%C3%A7%C3%B5es/3.7.3.%20Nordeste/3.7.3.8.%20%C3%81rea%20500%20kV%20da%20Regi%C3%A3o%20Nordeste/IO-OI.NE.JDD_Rev.03.pdf
IO-OI.NE.JSL,IO-OI.NE.JSL_Rev.02.pdf,https://www.ons.org.br/MPO/Documento%20Normativo/3.%20Instru%C3%A7%C3%B5es%20de%20Opera%C3%A7%C3%A3o%20-%20SM%205.12/3.7.%20Opera%C3%A7%C3%A3o%20de%20Instala%C3%A7%C3%B5es/3.7.3.%20Nordeste/3.7.3.8.%20%C3%81rea%20500%20kV%20da%20Regi%C3%A3o%20Nordeste/IO-OI.NE.JSL_Rev.02.pdf
IO-OI.NE.LND,IO-OI.NE.LND_Rev.23.pdf,https://www.ons.org.br/MPO/Documento%20Normativo/3.%20Instru%C3%A7%C3%B5es%20de%20Opera%C3%A7%C3%A3o%20-%20SM%205.12/3.7.%20Opera%C3%A7%C3%A3o%20de%20Instala%C3%A7%C3%B5es/3.7.3.%20Nordeste/3.7.3.2.%20%C3%81rea%20230%20kV%20Leste/IO-OI.NE.LND_Rev.23.pdf
IO-OI.NE.MIT,IO-OI.NE.MIT_Rev.11.pdf,https://www.ons.org.br/MPO/Documento%20Normativo/3.%20Instru%C3%A7%C3%B5es%20de%20Opera%C3%A7%C3%A3o%20-%20SM%205.12/3.7.%20Opera%C3%A7%C3%A3o%20de%20Instala%C3%A7%C3%B5es/3.7.3.%20Nordeste/3.7.3.2.%20%C3%81rea%20230%20kV%20Leste/IO-OI.NE.MIT_Rev.11.pdf
IO-OI.NE.MNR,IO-OI.NE.MNR_Rev.06.pdf,https://www.ons.org.br/MPO/Documento%20Normativo/3.%20Instru%C3%A7%C3%B5es%20de%20Opera%C3%A7%C3%A3o%20-%20SM%205.12/3.7.%20Opera%C3%A7%C3%A3o%20de%20Instala%C3%A7%C3%B5es/3.7.3.%20Nordeste/3.7.3.2.%20%C3%81rea%20230%20kV%20Leste/IO-OI.NE.MNR_Rev.06.pdf
IO-OI.NE.MNV,IO-OI.NE.MNV_Rev.02.pdf,https://www.ons.org.br/MPO/Documento%20Normativo/3.%20Instru%C3%A7%C3%B5es%20de%20Opera%C3%A7%C3%A3o%20-%20SM%205.12/3.7.%20Opera%C3%A7%C3%A3o%20de%20Instala%C3%A7%C3%B5es/3.7.3.%20Nordeste/3.7.3.2.%20%C3%81rea%20230%20kV%20Leste/IO-OI.NE.MNV_Rev.02.pdf
IO-OI.NE.MSD,IO-OI.NE.MSD_Rev.53.pdf,https://www.ons.org.br/MPO/Documento%20Normativo/3.%20Instru%C3%A7%C3%B5es%20de%20Opera%C3%A7%C3%A3o%20-%20SM%205.12/3.7.%20Opera%C3%A7%C3%A3o%20de%20Instala%C3%A7%C3%B5es/3.7.3.%20Nordeste/3.7.3.4.%20%C3%81rea%20230%20kV%20Norte/IO-OI.NE.MSD_Rev.53.pdf
IO-OI.NE.MVR,IO-OI.NE.MVR_Rev.07.pdf,https://www.ons.org.br/MPO/Documento%20Normativo/3.%20Instru%C3%A7%C3%B5es%20de%20Opera%C3%A7%C3%A3o%20-%20SM%205.12/3.7.%20Opera%C3%A7%C3%A3o%20de%20Instala%C3%A7%C3%B5es/3.7.3.%20Nordeste/3.7.3.8.%20%C3%81rea%20500%20kV%20da%20Regi%C3%A3o%20Nordeste/IO-OI.NE.MVR_Rev.07.pdf
IO-OI.NE.PRS,IO-OI.NE.PRS_Rev.31.pdf,https://www.ons.org.br/MPO/Documento%20Normativo/3.%20Instru%C3%A7%C3%B5es%20de%20Opera%C3%A7%C3%A3o%20-%20SM%205.12/3.7.%20Opera%C3%A7%C3%A3o%20de%20Instala%C3%A7%C3%B5es/3.7.3.%20Nordeste/3.7.3.2.%20%C3%81rea%20230%20kV%20Leste/IO-OI.NE.PRS_Rev.31.pdf
IO-OI.NE.RDV,IO-OI.NE.RDV_Rev.07.pdf,https://www.ons.org.br/MPO/Documento%20Normativo/3.%20Instru%C3%A7%C3%B5es%20de%20Opera%C3%A7%C3%A3o%20-%20SM%205.12/3.7.%20Opera%C3%A7%C3%A3o%20de%20Instala%C3%A7%C3%B5es/3.7.3.%20Nordeste/3.7.3.8.%20%C3%81rea%20500%20kV%20da%20Regi%C3%A3o%20Nordeste/IO-OI.NE.RDV_Rev.07.pdf
IO-OI.NE.RID,IO-OI.NE.RID_Rev.04.pdf,https://www.ons.org.br/MPO/Documento%20Normativo/3.%20Instru%C3%A7%C3%B5es%20de%20Opera%C3%A7%C3%A3o%20-%20SM%205.12/3.7.%20Opera%C3%A7%C3%A3o%20de%20Instala%C3%A7%C3%B5es/3.7.3.%20Nordeste/3.7.3.2.%20%C3%81rea%20230%20kV%20Leste/IO-OI.NE.RID_Rev.04.pdf
IO-OI.NE.SAG,IO-OI.NE.SAG_Rev.04.pdf,https://www.ons.org.br/MPO/Documento%20Normativo/3.%20Instru%C3%A7%C3%B5es%20de%20Opera%C3%A7%C3%A3o%20-%20SM%205.12/3.7.%20Opera%C3%A7%C3%A3o%20de%20Instala%C3%A7%C3%B5es/3.7.3.%20Nordeste/3.7.3.8.%20%C3%81rea%20500%20kV%20da%20Regi%C3%A3o%20Nordeste/IO-OI.NE.SAG_Rev.04.pdf
IO-OI.NE.SDM,IO-OI.NE.SDM_Rev.10.pdf,https://www.ons.org.br/MPO/Documento%20Normativo/3.%20Instru%C3%A7%C3%B5es%20de%20Opera%C3%A7%C3%A3o%20-%20SM%205.12/3.7.%20Opera%C3%A7%C3%A3o%20de%20Instala%C3%A7%C3%B5es/3.7.3.%20Nordeste/3.7.3.8.%20%C3%81rea%20500%20kV%20da%20Regi%C3%A3o%20Nordeste/IO-OI.NE.SDM_Rev.10.pdf
IO-OI.NE.SDM2,IO-OI.NE.SDM2_Rev.09.pdf,https://www.ons.org.br/MPO/Documento%20Normativo/3.%20Instru%C3%A7%C3%B5es%20de%20Opera%C3%A7%C3%A3o%20-%20SM%205.12/3.7.%20Opera%C3%A7%C3%A3o%20de%20Instala%C3%A7%C3%B5es/3.7.3.%20Nordeste/3.7.3.8.%20%C3%81rea%20500%20kV%20da%20Regi%C3%A3o%20Nordeste/IO-OI.NE.SDM2_Rev.09.pdf
IO-OI.NE.SLD,IO-OI.NE.SLD_Rev.09.pdf,https://www.ons.org.br/MPO/Documento%20Normativo/3.%20Instru%C3%A7%C3%B5es%20de%20Opera%C3%A7%C3%A3o%20-%20SM%205.12/3.7.%20Opera%C3%A7%C3%A3o%20de%20Instala%C3%A7%C3%B5es/3.7.3.%20Nordeste/3.7.3.8.%20%C3%81rea%20500%20kV%20da%20Regi%C3%A3o%20Nordeste/IO-OI.NE.SLD_Rev.09.pdf
IO-OI.NE.TRS,IO-OI.NE.TRS_Rev.08.pdf,https://www.ons.org.br/MPO/Documento%20Normativo/3.%20Instru%C3%A7%C3%B5es%20de%20Opera%C3%A7%C3%A3o%20-%20SM%205.12/3.7.%20Opera%C3%A7%C3%A3o%20de%20Instala%C3%A7%C3%B5es/3.7.3.%20Nordeste/3.7.3.2.%20%C3%81rea%20230%20kV%20Leste/IO-OI.NE.TRS_Rev.08.pdf
IO-OI.NE.UVT,IO-OI.NE.UVT_Rev.04.pdf,https://www.ons.org.br/MPO/Documento%20Normativo/3.%20Instru%C3%A7%C3%B5es%20de%20Opera%C3%A7%C3%A3o%20-%20SM%205.12/3.7.%20Opera%C3%A7%C3%A3o%20de%20Instala%C3%A7%C3%B5es/3.7.3.%20Nordeste/3.7.3.2.%20%C3%81rea%20230%20kV%20Leste/IO-OI.NE.UVT_Rev.04.pdf
IO-PM.NE.2LE,IO-PM.NE.2LE_Rev.52.pdf,https://www.ons.org.br/MPO/Documento%20Normativo/3.%20Instru%C3%A7%C3%B5es%20de%20Opera%C3%A7%C3%A3o%20-%20SM%205.12/3.1.%20Controle%20da%20Transmiss%C3%A3o/3.1.3.%20Prepara%C3%A7%C3%A3o%20para%20Manobras/3.1.3.3.%20Nordeste/IO-PM.NE.2LE_Rev.52.pdf
IO-PM.NE.2NO,IO-PM.NE.2NO_Rev.203.pdf,https://www.ons.org.br/MPO/Documento%20Normativo/3.%20Instru%C3%A7%C3%B5es%20de%20Opera%C3%A7%C3%A3o%20-%20SM%205.12/3.1.%20Controle%20da%20Transmiss%C3%A3o/3.1.3.%20Prepara%C3%A7%C3%A3o%20para%20Manobras/3.1.3.3.%20Nordeste/IO-PM.NE.2NO_Rev.203.pdf
